Airline,Origin,Delay (min)
9E,ABY,-2.5
9E,AEX,16.5
9E,AGS,32.0
9E,ATL,17.39344262295082
9E,ATW,-6.0
9E,AUS,-0.6666666666666666
9E,AVL,52.666666666666664
9E,BGR,-5.0
9E,BIS,-9.5
9E,BMI,92.0
9E,BNA,-0.75
9E,BOS,34.5
9E,BQK,-5.5
9E,BTV,14.5
9E,BUF,34.333333333333336
9E,BWI,-4.0
9E,CAE,172.0
9E,CHA,101.5
9E,CHS,-7.0
9E,CID,-3.0
9E,CLE,15.833333333333334
9E,CLT,-5.0
9E,CMH,100.0
9E,CSG,-11.0
9E,CVG,13.571428571428571
9E,CWA,-12.0
9E,DAY,-8.0
9E,DCA,49.0
9E,DFW,
9E,DHN,-8.0
9E,DSM,183.66666666666666
9E,DTW,8.86046511627907
9E,ELM,-11.0
9E,EWN,-7.0
9E,EWR,-5.0
9E,FAR,-3.0
9E,FAY,90.0
9E,FSD,241.0
9E,FSM,-2.0
9E,GFK,-6.0
9E,GNV,-9.666666666666666
9E,GRB,223.0
9E,GRR,1.0
9E,GSO,-7.0
9E,GSP,56.5
9E,HRL,42.0
9E,HSV,39.0
9E,IAD,0.25
9E,IAH,30.333333333333332
9E,ILM,26.666666666666668
9E,IND,125.5
9E,JAN,-7.0
9E,JAX,-5.5
9E,JFK,5.769230769230769
9E,LAN,-6.666666666666667
9E,LEX,-9.0
9E,LFT,-7.0
9E,LGA,15.347826086956522
9E,MCI,
9E,MCO,22.0
9E,MDT,1.0
9E,MGM,-8.0
9E,MKE,-6.0
9E,MOB,-2.3333333333333335
9E,MOT,107.5
9E,MSN,94.0
9E,MSP,48.74285714285714
9E,OAJ,-6.0
9E,OMA,20.0
9E,ORD,16.0
9E,ORF,-7.333333333333333
9E,PHL,14.5
9E,PIA,40.0
9E,PIT,-3.8
9E,PWM,50.333333333333336
9E,RDU,-0.3333333333333333
9E,RIC,1.3333333333333333
9E,ROC,-3.2857142857142856
9E,RSW,-6.0
9E,SAT,-1.5
9E,SRQ,-7.0
9E,STL,-5.0
9E,SYR,-4.8
9E,TLH,56.5
9E,TRI,55.0
9E,TVC,-4.0
9E,TYS,-6.111111111111111
9E,VLD,11.0
AA,ABQ,19.571428571428573
AA,ALB,-5.5
AA,ATL,2.7419354838709675
AA,AUS,14.758620689655173
AA,BDL,2.2
AA,BNA,27.0
AA,BOI,80.33333333333333
AA,BOS,28.471698113207548
AA,BUF,-1.3333333333333333
AA,BWI,6.722222222222222
AA,CHS,39.666666666666664
AA,CLE,25.666666666666668
AA,CLT,13.963265306122448
AA,CMH,0.8571428571428571
AA,COS,12.2
AA,CVG,25.0
AA,DAY,54.0
AA,DCA,7.527272727272727
AA,DEN,39.3125
AA,DFW,33.681940700808624
AA,DSM,156.0
AA,DTW,89.6
AA,EGE,191.57142857142858
AA,ELP,10.25
AA,EWR,32.78260869565217
AA,FAT,2.25
AA,FLL,22.0
AA,GEG,-2.5
AA,GSP,237.0
AA,GUC,81.5
AA,HDN,3.5
AA,HNL,-10.0
AA,IAD,11.5
AA,IAH,17.11764705882353
AA,ICT,
AA,ILM,-8.0
AA,IND,28.444444444444443
AA,JAC,121.0
AA,JAX,14.6
AA,JFK,22.933333333333334
AA,KOA,19.666666666666668
AA,LAS,8.119047619047619
AA,LAX,31.607142857142858
AA,LBB,50.0
AA,LGA,32.97826086956522
AA,LIH,25.333333333333332
AA,MCI,14.714285714285714
AA,MCO,41.31481481481482
AA,MDT,17.0
AA,MEM,23.166666666666668
AA,MFE,125.0
AA,MIA,43.04109589041096
AA,MKE,-4.5
AA,MSP,31.55
AA,MSY,19.0
AA,MTJ,54.0
AA,OAK,-9.333333333333334
AA,OGG,4.888888888888889
AA,OKC,28.75
AA,OMA,15.0
AA,ONT,1.7777777777777777
AA,ORD,27.763313609467456
AA,ORF,18.444444444444443
AA,PBI,3.1666666666666665
AA,PDX,1.6363636363636365
AA,PHL,17.091603053435115
AA,PHX,17.496969696969696
AA,PIT,20.210526315789473
AA,PNS,12.0
AA,PSP,13.0
AA,PVD,28.875
AA,PWM,-0.5
AA,RDU,24.115384615384617
AA,RIC,-4.25
AA,RNO,23.833333333333332
AA,RSW,15.8125
AA,SAN,5.481481481481482
AA,SAT,1.1578947368421053
AA,SAV,18.0
AA,SBA,0.0
AA,SEA,0.04
AA,SFO,14.512820512820513
AA,SJC,25.90909090909091
AA,SJU,17.714285714285715
AA,SLC,2.3846153846153846
AA,SMF,5.416666666666667
AA,SNA,36.35294117647059
AA,STL,7.866666666666666
AA,STT,-14.5
AA,STX,-13.5
AA,SYR,-9.0
AA,TPA,23.23076923076923
AA,TUL,-4.375
AA,TUS,13.285714285714286
AA,VPS,69.33333333333333
AS,ABQ,-4.0
AS,ADQ,-16.0
AS,ANC,-3.838709677419355
AS,ATL,1.0
AS,AUS,25.333333333333332
AS,BET,-2.0
AS,BLI,2.0
AS,BNA,-1.0
AS,BOI,-5.0
AS,BOS,42.5
AS,BRW,-10.0
AS,BUR,9.4
AS,BWI,12.0
AS,CHS,-7.0
AS,DCA,-9.666666666666666
AS,DEN,15.333333333333334
AS,DFW,12.75
AS,DTW,39.0
AS,EWR,9.5
AS,FAI,-6.4
AS,FLL,-1.0
AS,GEG,-7.5
AS,HNL,20.166666666666668
AS,IAD,-3.0
AS,IAH,22.0
AS,IND,35.0
AS,JFK,-2.0
AS,JNU,18.333333333333332
AS,KOA,-8.25
AS,KTN,4.333333333333333
AS,LAS,-9.25
AS,LAX,11.045454545454545
AS,LIH,4.0
AS,MCI,0.0
AS,MCO,64.0
AS,MSP,7.5
AS,MSY,12.0
AS,OAK,7.666666666666667
AS,OGG,1.6666666666666667
AS,OMA,19.0
AS,OME,12.0
AS,ONT,-5.333333333333333
AS,ORD,5.666666666666667
AS,OTZ,22.0
AS,PDX,2.24
AS,PHL,4.0
AS,PHX,6.625
AS,PSG,72.0
AS,PSP,-3.4
AS,RDU,-8.0
AS,SAN,48.64705882352941
AS,SAT,-5.0
AS,SBA,-3.0
AS,SCC,-20.5
AS,SEA,0.13664596273291926
AS,SFO,9.647058823529411
AS,SIT,-2.5
AS,SJC,-6.142857142857143
AS,SLC,-5.142857142857143
AS,SMF,-1.375
AS,SNA,-6.5
AS,STL,-12.5
AS,TPA,-7.0
AS,TUS,2.0
AS,WRG,
B6,ABQ,12.0
B6,ALB,45.5
B6,ATL,41.4
B6,AUS,98.33333333333333
B6,BDL,38.0
B6,BNA,12.333333333333334
B6,BOS,35.21705426356589
B6,BQN,17.25
B6,BTV,7.0
B6,BUF,19.307692307692307
B6,BUR,15.0
B6,BWI,13.166666666666666
B6,CHS,36.333333333333336
B6,CLE,8.75
B6,CLT,30.666666666666668
B6,DAB,42.0
B6,DCA,12.96551724137931
B6,DEN,-9.333333333333334
B6,DFW,93.0
B6,DTW,-8.25
B6,EWR,40.172413793103445
B6,FLL,31.68831168831169
B6,HOU,7.0
B6,HPN,51.90909090909091
B6,IAD,12.833333333333334
B6,JAX,12.3
B6,JFK,25.448
B6,LAS,6.545454545454546
B6,LAX,27.470588235294116
B6,LGA,34.11764705882353
B6,LGB,11.0
B6,MCO,57.92063492063492
B6,MSY,23.8
B6,OAK,-2.6
B6,ORD,30.2
B6,ORH,-1.5
B6,PBI,47.375
B6,PDX,17.333333333333332
B6,PHL,-1.3333333333333333
B6,PHX,-4.5
B6,PIT,9.0
B6,PSE,41.666666666666664
B6,PSP,-13.0
B6,PVD,84.0
B6,PWM,32.666666666666664
B6,RDU,66.85714285714286
B6,RIC,28.714285714285715
B6,RNO,-6.0
B6,ROC,36.0
B6,RSW,11.75
B6,SAN,32.2
B6,SAV,18.0
B6,SEA,16.6
B6,SFO,6.071428571428571
B6,SJC,-3.0
B6,SJU,29.20689655172414
B6,SLC,18.5
B6,SMF,60.666666666666664
B6,SRQ,19.0
B6,STT,-4.0
B6,STX,8.0
B6,SWF,42.5
B6,SYR,23.4
B6,TPA,38.705882352941174
DL,ABQ,40.666666666666664
DL,ALB,71.0
DL,ANC,-5.333333333333333
DL,ATL,12.280269058295964
DL,ATW,-1.0
DL,AUS,-1.9090909090909092
DL,AVP,4.0
DL,BDL,16.571428571428573
DL,BHM,18.0
DL,BIL,47.5
DL,BIS,-5.0
DL,BNA,30.714285714285715
DL,BOI,-3.3333333333333335
DL,BOS,21.53125
DL,BUF,66.8
DL,BWI,16.833333333333332
DL,BZN,9.166666666666666
DL,CAK,55.5
DL,CHA,2.5
DL,CHO,-11.0
DL,CHS,0.75
DL,CID,-10.0
DL,CLE,0.25
DL,CLT,2.3333333333333335
DL,CMH,7.333333333333333
DL,COS,1.0
DL,CVG,19.09090909090909
DL,DAB,0.25
DL,DAL,23.333333333333332
DL,DAY,-2.0
DL,DCA,7.375
DL,DEN,8.826086956521738
DL,DFW,2.090909090909091
DL,DTW,10.33695652173913
DL,ECP,3.0
DL,EGE,-2.0
DL,ELP,31.0
DL,EWR,50.666666666666664
DL,EYW,32.0
DL,FAI,-6.0
DL,FAR,17.0
DL,FAY,1.0
DL,FLL,20.23076923076923
DL,FNT,11.0
DL,FSD,0.0
DL,GEG,17.25
DL,GPT,10.0
DL,GRR,27.6
DL,GSO,33.5
DL,GSP,11.0
DL,HDN,-1.0
DL,HNL,5.5
DL,HOU,-5.333333333333333
DL,HSV,-4.0
DL,IAD,33.4
DL,IAH,14.2
DL,ICT,-7.0
DL,IND,17.875
DL,JAC,-1.5
DL,JAN,5.0
DL,JAX,16.333333333333332
DL,JFK,13.055555555555555
DL,KOA,13.333333333333334
DL,LAS,6.08
DL,LAX,3.1772151898734178
DL,LEX,15.0
DL,LGA,9.138461538461538
DL,LIH,-2.5
DL,LIT,-1.0
DL,MCI,27.90909090909091
DL,MCO,10.576923076923077
DL,MDT,-4.0
DL,MDW,70.0
DL,MEM,19.75
DL,MHT,-3.0
DL,MIA,3.7586206896551726
DL,MKE,20.428571428571427
DL,MLB,11.333333333333334
DL,MSN,100.5
DL,MSO,-1.5
DL,MSP,7.4576271186440675
DL,MSY,11.5
DL,MTJ,-3.0
DL,MYR,-1.0
DL,OAK,-1.0
DL,OGG,-7.4
DL,OKC,0.0
DL,OMA,19.25
DL,ORD,40.0
DL,ORF,35.4
DL,PBI,33.05
DL,PDX,-2.764705882352941
DL,PHL,8.0
DL,PHX,1.85
DL,PIT,10.333333333333334
DL,PNS,14.4
DL,PSP,-4.0
DL,PVD,7.0
DL,PWM,-6.0
DL,RDU,2.4166666666666665
DL,RIC,3.2
DL,RNO,15.5
DL,ROA,-5.0
DL,ROC,37.5
DL,RSW,3.7083333333333335
DL,SAN,24.214285714285715
DL,SAT,3.8333333333333335
DL,SAV,12.0
DL,SDF,-1.6666666666666667
DL,SEA,7.781818181818182
DL,SFO,1.6666666666666667
DL,SJC,-4.333333333333333
DL,SJU,1.4
DL,SLC,3.797752808988764
DL,SMF,-2.25
DL,SNA,-3.5
DL,SRQ,-7.142857142857143
DL,STL,32.0
DL,STT,53.0
DL,STX,-5.0
DL,SYR,0.0
DL,TLH,1.0
DL,TPA,9.566666666666666
DL,TRI,10.0
DL,TUL,-7.0
DL,TUS,20.666666666666668
DL,VPS,-5.5
DL,XNA,-4.0
EV,ABE,-2.0
EV,ABQ,8.0
EV,AEX,-9.5
EV,AGS,12.0
EV,AMA,132.0
EV,ATL,36.54347826086956
EV,AVP,106.0
EV,BDL,-6.0
EV,BGR,276.0
EV,BHM,5.8
EV,BNA,176.0
EV,BOS,6.25
EV,BRO,
EV,BTR,5.2
EV,BTV,40.0
EV,BUF,97.0
EV,BWI,38.5
EV,CAE,13.5
EV,CAK,65.0
EV,CHA,12.0
EV,CHS,4.4
EV,CLE,24.5
EV,CLL,23.0
EV,CLT,-4.0
EV,CMH,31.0
EV,COS,-7.0
EV,COU,81.0
EV,CRP,-8.5
EV,CRW,25.75
EV,DAY,24.0
EV,DCA,39.833333333333336
EV,DFW,27.933333333333334
EV,DSM,89.0
EV,DTW,78.0
EV,ECP,1.2
EV,ELM,-1.0
EV,ELP,-5.75
EV,EVV,41.0
EV,EWR,32.40384615384615
EV,EYW,12.0
EV,FNT,3.0
EV,FSD,-6.666666666666667
EV,FSM,-11.0
EV,FWA,-1.0
EV,GNV,17.0
EV,GPT,-6.25
EV,GRK,306.0
EV,GRR,-6.0
EV,GSO,-8.0
EV,GSP,-3.5
EV,HOB,-8.0
EV,HPN,68.25
EV,HSV,-4.75
EV,IAH,-0.10576923076923077
EV,ICT,-7.0
EV,IND,-8.6
EV,JAN,-6.833333333333333
EV,LBB,28.5
EV,LCH,1.5
EV,LEX,4.0
EV,LFT,2.0
EV,LGA,10.363636363636363
EV,LIT,-1.0
EV,LNK,3.0
EV,LRD,
EV,MAF,24.4
EV,MEM,19.333333333333332
EV,MFE,-5.0
EV,MHK,1.0
EV,MHT,-8.0
EV,MKE,17.6
EV,MLI,-2.0
EV,MLU,-5.25
EV,MOB,1.5
EV,MSN,17.666666666666668
EV,MSP,54.75
EV,MYR,-3.0
EV,OMA,27.4
EV,ORD,16.113636363636363
EV,ORF,22.5
EV,PHF,25.0
EV,PHL,15.0
EV,PIT,-4.0
EV,PNS,21.0
EV,PVD,14.75
EV,PWM,33.0
EV,RIC,12.2
EV,ROC,3.5
EV,ROW,116.0
EV,RST,-5.0
EV,SAF,21.5
EV,SAV,1.5
EV,SBN,6.5
EV,SDF,33.75
EV,SGF,23.25
EV,SHV,-6.666666666666667
EV,STL,44.42857142857143
EV,TLH,-4.0
EV,TUL,-0.75
EV,TUS,-23.0
EV,TYS,-1.5
EV,VPS,26.25
EV,XNA,4.0
F9,ABQ,-5.5
F9,ATL,74.375
F9,AUS,74.5
F9,BNA,-3.75
F9,BUF,68.5
F9,CLE,4.666666666666667
F9,CLT,23.333333333333332
F9,CMH,20.0
F9,COS,6.4
F9,CVG,5.142857142857143
F9,DCA,-6.666666666666667
F9,DEN,15.14
F9,DFW,-5.0
F9,DTW,-8.0
F9,GRR,
F9,IAD,119.66666666666667
F9,IAH,10.5
F9,IND,3.6666666666666665
F9,ISP,52.57142857142857
F9,LAS,48.666666666666664
F9,LAX,2.3333333333333335
F9,LGA,-2.0
F9,MCI,-11.5
F9,MCO,73.02702702702703
F9,MEM,14.0
F9,MIA,56.18181818181818
F9,MKE,24.714285714285715
F9,MSP,18.666666666666668
F9,MSY,31.25
F9,OKC,6.5
F9,OMA,-15.333333333333334
F9,ONT,-1.0
F9,ORD,36.142857142857146
F9,PBI,83.0
F9,PDX,-9.0
F9,PHL,45.9
F9,PHX,-3.0
F9,PSP,1.0
F9,PVD,280.0
F9,RDU,38.5
F9,RSW,45.54545454545455
F9,SAN,15.5
F9,SAT,
F9,SEA,-9.5
F9,SFO,-0.75
F9,SJC,20.5
F9,SLC,61.0
F9,SNA,0.0
F9,STL,2.8
F9,TPA,27.307692307692307
F9,TTN,81.6
G4,ABE,7.5
G4,ABQ,3.0
G4,ATW,0.0
G4,AUS,10.333333333333334
G4,AVL,95.4
G4,AZA,4.9375
G4,BGR,2.0
G4,BIS,27.5
G4,BLI,17.75
G4,BLV,-3.6666666666666665
G4,BMI,68.0
G4,BOI,22.0
G4,BZN,7.5
G4,CID,11.0
G4,CPR,100.0
G4,CVG,87.55555555555556
G4,DAY,13.5
G4,DSM,68.33333333333333
G4,EUG,402.0
G4,EWR,614.0
G4,FAR,-10.0
G4,FAT,-9.0
G4,FCA,5.0
G4,FLL,31.166666666666668
G4,FNT,59.0
G4,FSD,-9.0
G4,FWA,330.0
G4,GFK,22.0
G4,GJT,-2.0
G4,GRI,2.5
G4,GRR,138.66666666666666
G4,GSP,12.5
G4,HGR,26.0
G4,HTS,3.5
G4,IAG,27.666666666666668
G4,ICT,-8.0
G4,IND,44.333333333333336
G4,LAS,6.617647058823529
G4,LAX,54.0
G4,LCK,0.0
G4,LEX,74.0
G4,MCI,7.333333333333333
G4,MDT,-3.0
G4,MEM,-2.0
G4,MFE,0.0
G4,MFR,55.0
G4,MKE,19.0
G4,MLI,32.5
G4,MOT,-2.0
G4,MRY,0.0
G4,OAK,250.33333333333334
G4,OGD,2.0
G4,ORF,67.0
G4,OWB,49.0
G4,PBG,27.333333333333332
G4,PGD,26.0
G4,PIA,-13.5
G4,PIE,12.892857142857142
G4,PIT,18.0
G4,PSP,5.0
G4,PVD,15.0
G4,PVU,0.0
G4,RAP,7.0
G4,RDU,8.0
G4,RFD,65.0
G4,RNO,54.0
G4,ROA,79.0
G4,SAT,-13.0
G4,SBN,82.0
G4,SCK,12.0
G4,SFB,24.61904761904762
G4,SGF,12.0
G4,SMX,10.0
G4,SWF,-1.0
G4,SYR,-10.0
G4,TOL,1.0
G4,TRI,15.0
G4,TUL,10.0
G4,TYS,5.666666666666667
G4,USA,-2.0
G4,XNA,19.0
G4,YNG,15.0
HA,HNL,0.14444444444444443
HA,ITO,-5.0
HA,JFK,25.0
HA,KOA,-3.1739130434782608
HA,LAS,-0.5
HA,LAX,1.6666666666666667
HA,LIH,-1.391304347826087
HA,OAK,31.0
HA,OGG,2.5
HA,PDX,-4.0
HA,PHX,6.0
HA,PPG,-11.0
HA,SAN,-5.0
HA,SEA,58.333333333333336
HA,SFO,42.5
HA,SJC,-6.5
HA,SMF,2.0
MQ,ABI,209.33333333333334
MQ,ABQ,-5.0
MQ,ACT,67.0
MQ,AEX,106.5
MQ,ALB,-2.0
MQ,ALO,6.0
MQ,AMA,-0.5
MQ,ATL,
MQ,ATW,2.5
MQ,AZO,1.0
MQ,BDL,29.0
MQ,BHM,-3.8
MQ,BIL,33.0
MQ,BIS,140.0
MQ,BNA,9.75
MQ,BOI,-8.0
MQ,BPT,4.333333333333333
MQ,BUF,0.0
MQ,BWI,-1.3333333333333333
MQ,BZN,27.0
MQ,CAE,8.0
MQ,CHO,3.0
MQ,CHS,-2.3333333333333335
MQ,CID,43.8
MQ,CLE,61.8
MQ,CLL,199.25
MQ,CLT,20.5
MQ,CMH,29.857142857142858
MQ,CMI,13.5
MQ,COU,29.0
MQ,CRP,32.0
MQ,CVG,48.36363636363637
MQ,CWA,2.5
MQ,DAY,37.0
MQ,DBQ,10.0
MQ,DCA,40.0
MQ,DFW,38.54
MQ,DSM,87.66666666666667
MQ,DTW,-5.0
MQ,ELP,-0.75
MQ,EVV,-6.0
MQ,EWR,13.0
MQ,FAR,30.0
MQ,FSD,11.25
MQ,FSM,17.0
MQ,GCK,18.5
MQ,GGG,35.5
MQ,GJT,14.333333333333334
MQ,GNV,
MQ,GRB,51.0
MQ,GRK,82.0
MQ,GRR,49.857142857142854
MQ,GSO,26.833333333333332
MQ,GSP,-2.0
MQ,HOU,-10.0
MQ,HPN,1.0
MQ,HSV,18.0
MQ,IAH,66.0
MQ,ICT,31.75
MQ,ILM,-1.0
MQ,IND,18.88888888888889
MQ,JAN,14.333333333333334
MQ,JAX,-1.5
MQ,JFK,10.428571428571429
MQ,JLN,19.0
MQ,LAN,11.0
MQ,LAW,39.0
MQ,LBB,69.0
MQ,LCH,14.5
MQ,LEX,6.0
MQ,LFT,43.0
MQ,LGA,3.5789473684210527
MQ,LIT,16.142857142857142
MQ,LRD,
MQ,MAF,46.0
MQ,MCI,7.0
MQ,MDT,-1.5
MQ,MEM,10.0
MQ,MFE,22.0
MQ,MGM,
MQ,MHK,11.333333333333334
MQ,MIA,13.3125
MQ,MKE,22.5
MQ,MLI,3.0
MQ,MQT,0.0
MQ,MSN,43.4
MQ,MSY,89.0
MQ,MTJ,16.5
MQ,OKC,11.833333333333334
MQ,OMA,7.666666666666667
MQ,ORD,26.99264705882353
MQ,ORF,-1.0
MQ,PIT,4.571428571428571
MQ,PNS,31.166666666666668
MQ,PVD,18.0
MQ,RAP,51.0
MQ,RDU,-4.5
MQ,RIC,1.5
MQ,ROC,12.0
MQ,RST,-2.0
MQ,SAV,
MQ,SDF,8.333333333333334
MQ,SGF,37.714285714285715
MQ,SHV,59.5
MQ,SJT,56.5
MQ,SPI,63.0
MQ,SPS,78.66666666666667
MQ,STL,0.0
MQ,SUX,114.33333333333333
MQ,SWO,80.0
MQ,SYR,82.5
MQ,TLH,16.0
MQ,TOL,11.0
MQ,TUL,11.5
MQ,TVC,-7.0
MQ,TXK,4.0
MQ,TYR,45.0
MQ,VPS,25.0
MQ,XNA,39.333333333333336
NK,ACY,-3.9
NK,ATL,23.6
NK,BDL,13.333333333333334
NK,BOS,41.857142857142854
NK,BWI,29.05
NK,CAK,3.5
NK,CLE,27.285714285714285
NK,DEN,3.888888888888889
NK,DFW,11.95
NK,DTW,12.172413793103448
NK,EWR,-0.5
NK,FLL,13.775510204081632
NK,IAG,-11.0
NK,IAH,3.375
NK,LAS,10.470588235294118
NK,LAX,3.227272727272727
NK,LBE,15.333333333333334
NK,LGA,31.636363636363637
NK,MCI,29.5
NK,MCO,25.027027027027028
NK,MSP,35.30769230769231
NK,MSY,10.0
NK,MYR,14.0
NK,OAK,-6.6
NK,ORD,19.72
NK,PBG,67.0
NK,PBI,34.0
NK,PDX,56.0
NK,PHL,6.125
NK,PHX,10.0
NK,PIT,-1.1428571428571428
NK,RSW,2.0588235294117645
NK,SAN,36.8
NK,SEA,-4.333333333333333
NK,SJU,41.25
NK,TPA,31.22222222222222
OH,ABE,6.5
OH,AGS,33.5
OH,ALB,17.0
OH,ATL,8.5
OH,AVL,-3.6
OH,AVP,-1.75
OH,BDL,39.25
OH,BHM,20.555555555555557
OH,BNA,19.666666666666668
OH,BTR,37.0
OH,BTV,71.25
OH,BUF,-7.0
OH,CAE,1.3333333333333333
OH,CAK,8.0
OH,CHA,23.6
OH,CHO,22.2
OH,CHS,9.666666666666666
OH,CID,165.0
OH,CLE,4.666666666666667
OH,CLT,26.68032786885246
OH,CMH,26.0
OH,CRW,32.2
OH,CVG,24.0
OH,DAB,7.25
OH,DAY,49.666666666666664
OH,DCA,45.63636363636363
OH,DSM,203.0
OH,DTW,10.6
OH,EVV,19.0
OH,EWN,50.8
OH,FAY,1.2857142857142858
OH,FWA,9.5
OH,GNV,19.0
OH,GPT,161.0
OH,GRR,32.5
OH,GSO,17.333333333333332
OH,GSP,22.857142857142858
OH,HPN,55.0
OH,HSV,14.0
OH,HVN,27.333333333333332
OH,IAD,7.5
OH,ILM,2.2857142857142856
OH,IND,44.75
OH,JAN,6.5
OH,JAX,36.666666666666664
OH,LEX,0.0
OH,LGA,41.333333333333336
OH,LIT,30.333333333333332
OH,MDT,29.0
OH,MEM,40.0
OH,MGM,-5.0
OH,MHT,40.0
OH,MKE,7.25
OH,MLB,38.0
OH,MOB,47.0
OH,MSN,1.0
OH,MYR,22.142857142857142
OH,OAJ,22.0
OH,OKC,-4.0
OH,OMA,-2.0
OH,ORD,113.5
OH,ORF,-4.5
OH,PHF,17.6
OH,PHL,31.53846153846154
OH,PIA,47.0
OH,PIT,49.333333333333336
OH,PNS,1.0
OH,PVD,
OH,PWM,38.0
OH,RDU,56.0
OH,RIC,26.88888888888889
OH,ROC,34.4
OH,RSW,38.0
OH,SAV,25.875
OH,SDF,-0.6
OH,SHV,10.0
OH,SRQ,48.4
OH,STL,81.0
OH,SYR,19.0
OH,TLH,36.2
OH,TOL,22.5
OH,TUL,-2.0
OH,TYS,8.555555555555555
OH,VPS,14.333333333333334
OH,XNA,39.0
OO,ABE,21.0
OO,ABQ,-0.8
OO,ABR,0.5
OO,ACV,20.0
OO,AGS,19.5
OO,ALB,83.0
OO,AMA,100.0
OO,APN,8.0
OO,ASE,53.810810810810814
OO,ATL,59.470588235294116
OO,ATW,-5.0
OO,AUS,171.4
OO,AVL,217.5
OO,AVP,9.0
OO,AZO,-12.0
OO,BDL,58.0
OO,BFL,-9.333333333333334
OO,BGM,-7.0
OO,BHM,68.5
OO,BIL,126.2
OO,BIS,12.666666666666666
OO,BJI,156.0
OO,BLI,28.5
OO,BMI,-1.6666666666666667
OO,BNA,44.53333333333333
OO,BOI,-0.88
OO,BRD,32.0
OO,BTM,-5.0
OO,BTR,20.0
OO,BTV,
OO,BUF,58.25
OO,BUR,25.0
OO,BZN,50.7
OO,CAK,1.5
OO,CDC,-9.0
OO,CGI,105.0
OO,CHA,9.0
OO,CHO,11.5
OO,CHS,72.5
OO,CID,52.5
OO,CIU,18.0
OO,CKB,72.5
OO,CLE,22.875
OO,CLT,-7.0
OO,CMH,10.666666666666666
OO,CMX,
OO,COD,-10.0
OO,COS,-4.769230769230769
OO,COU,7.0
OO,CPR,-10.0
OO,CVG,4.5
OO,CWA,91.0
OO,DAL,-4.5
OO,DAY,199.33333333333334
OO,DCA,103.0
OO,DEN,19.382978723404257
OO,DFW,74.27272727272727
OO,DHN,-4.0
OO,DLH,7.333333333333333
OO,DRO,5.4
OO,DSM,76.0
OO,DTW,25.05263157894737
OO,DVL,102.0
OO,EAU,600.5
OO,EGE,75.0
OO,EKO,-15.0
OO,ELP,-3.5
OO,ERI,-5.333333333333333
OO,ESC,-2.0
OO,EUG,5.857142857142857
OO,EVV,140.5
OO,FAR,69.0
OO,FAT,18.944444444444443
OO,FCA,11.428571428571429
OO,FLG,-9.5
OO,FNT,3.5
OO,FSD,-7.5
OO,FWA,33.7
OO,GCC,201.5
OO,GEG,-4.8
OO,GJT,-5.4
OO,GRB,0.5
OO,GRR,80.83333333333333
OO,GSP,-8.0
OO,GTF,10.0
OO,GTR,-4.0
OO,HDN,-6.333333333333333
OO,HIB,-4.0
OO,HLN,-4.0
OO,HSV,74.0
OO,HYS,-3.0
OO,IAD,46.0
OO,IAH,36.84615384615385
OO,ICT,68.28571428571429
OO,IDA,-7.4
OO,IFP,5.0
OO,IMT,4.0
OO,IND,84.66666666666667
OO,INL,-13.5
OO,ISN,10.0
OO,ITH,-11.5
OO,JAC,85.6
OO,JMS,71.0
OO,LAN,-2.5
OO,LAR,3.5
OO,LAS,21.333333333333332
OO,LAX,19.951807228915662
OO,LBB,1.0
OO,LEX,-7.5
OO,LFT,69.0
OO,LGA,7.125
OO,LGB,-6.5
OO,LNK,12.0
OO,LSE,93.6
OO,LWS,12.5
OO,MAF,-10.0
OO,MBS,49.857142857142854
OO,MCI,7.0
OO,MDT,105.5
OO,MDW,-10.0
OO,MEI,74.33333333333333
OO,MEM,-1.0
OO,MFR,1.6363636363636365
OO,MGM,27.0
OO,MKE,6.0
OO,MKG,
OO,MLI,6.5
OO,MLU,-2.0
OO,MMH,21.0
OO,MOB,-7.0
OO,MOT,13.0
OO,MQT,8.0
OO,MRY,-11.166666666666666
OO,MSN,19.285714285714285
OO,MSO,17.333333333333332
OO,MSP,19.01219512195122
OO,MTJ,-2.5
OO,OAK,6.5
OO,OKC,28.0
OO,OMA,22.11111111111111
OO,ONT,11.571428571428571
OO,ORD,76.07142857142857
OO,ORF,-4.0
OO,OTH,55.0
OO,PAH,
OO,PBI,0.0
OO,PDX,1.3157894736842106
OO,PHL,129.0
OO,PHX,3.081081081081081
OO,PIA,94.75
OO,PIB,1.5
OO,PIH,-10.0
OO,PLN,-3.5
OO,PSC,1.8888888888888888
OO,PSP,39.61538461538461
OO,PUB,-7.0
OO,RAP,61.4
OO,RDD,-13.666666666666666
OO,RDM,55.333333333333336
OO,RDU,24.666666666666668
OO,RHI,-6.0
OO,RIC,3.0
OO,RKS,-3.5
OO,RNO,-1.2
OO,ROA,-2.0
OO,ROW,2.0
OO,RST,102.5
OO,SAF,-8.0
OO,SAN,52.2
OO,SAT,0.75
OO,SAV,-4.0
OO,SBA,4.909090909090909
OO,SBN,23.285714285714285
OO,SBP,19.857142857142858
OO,SCE,-1.5
OO,SDF,-11.0
OO,SEA,22.75
OO,SFO,12.7
OO,SGU,-5.75
OO,SHV,8.6
OO,SJC,33.55555555555556
OO,SLC,2.84
OO,SMF,-3.4285714285714284
OO,SNA,11.5
OO,SPI,180.0
OO,STL,5.428571428571429
OO,STS,-8.8
OO,SUN,-3.4
OO,SWF,37.5
OO,SYR,17.2
OO,TOL,187.0
OO,TRI,-10.0
OO,TUL,13.4
OO,TUS,0.3125
OO,TVC,79.6
OO,TWF,-4.666666666666667
OO,TYS,12.0
OO,UIN,56.5
OO,XNA,-7.666666666666667
OO,YUM,-7.75
UA,ABQ,-4.0
UA,ALB,55.5
UA,ANC,0.0
UA,ATL,4.153846153846154
UA,AUS,-1.8235294117647058
UA,AVL,57.0
UA,BDL,44.0
UA,BIL,1.0
UA,BNA,12.0
UA,BOI,-4.5
UA,BOS,21.870967741935484
UA,BUF,-3.0
UA,BWI,-1.2222222222222223
UA,BZN,12.25
UA,CHS,-7.0
UA,CID,21.0
UA,CLE,21.714285714285715
UA,CLT,-5.0
UA,CVG,-2.0
UA,DCA,-4.833333333333333
UA,DEN,5.8924050632911396
UA,DFW,4.3125
UA,DTW,17.5
UA,EGE,-5.4
UA,EUG,83.0
UA,EWR,20.34228187919463
UA,FLL,3.727272727272727
UA,GEG,-4.5
UA,GUC,5.0
UA,GUM,-7.0
UA,HDN,-3.0
UA,HNL,-2.473684210526316
UA,IAD,4.8307692307692305
UA,IAH,7.378531073446328
UA,IND,50.0
UA,ITO,-9.0
UA,JAC,32.0
UA,JAX,101.0
UA,KOA,-4.833333333333333
UA,LAS,-4.56
UA,LAX,11.310344827586206
UA,LGA,12.363636363636363
UA,LIH,-8.2
UA,MCI,4.0
UA,MCO,15.86111111111111
UA,MEM,55.0
UA,MFE,
UA,MIA,2.3333333333333335
UA,MKE,-5.0
UA,MSP,-3.2
UA,MSY,1.25
UA,MTJ,-12.0
UA,MYR,29.0
UA,OGG,-0.9
UA,OKC,-5.0
UA,OMA,41.0
UA,ONT,0.5
UA,ORD,24.832369942196532
UA,ORF,-4.0
UA,PBI,26.75
UA,PDX,2.9545454545454546
UA,PHL,2.3636363636363638
UA,PHX,-3.869565217391304
UA,PIT,-2.25
UA,PSP,9.333333333333334
UA,RDU,-1.5
UA,RIC,16.5
UA,RNO,-3.5
UA,ROC,0.0
UA,RSW,15.846153846153847
UA,SAN,13.67741935483871
UA,SAT,-1.3333333333333333
UA,SAV,1.0
UA,SEA,10.15625
UA,SFO,9.668711656441717
UA,SJC,-2.0
UA,SJU,46.2
UA,SLC,-6.142857142857143
UA,SMF,20.88888888888889
UA,SNA,15.555555555555555
UA,SRQ,-0.3333333333333333
UA,TPA,8.045454545454545
UA,TUS,4.0
UA,TYS,9.0
VX,AUS,17.0
VX,BNA,-8.0
VX,BOS,13.25
VX,BWI,-4.0
VX,DAL,2.2222222222222223
VX,DCA,11.333333333333334
VX,DEN,3.5
VX,EWR,2.4285714285714284
VX,FLL,6.75
VX,HNL,-6.0
VX,IAD,4.5
VX,IND,-5.0
VX,JFK,2.0
VX,KOA,-5.0
VX,LAS,1.1818181818181819
VX,LAX,4.0
VX,MCO,21.0
VX,MSY,-9.0
VX,OGG,5.5
VX,ORD,7.4
VX,PDX,-0.5
VX,PHL,10.0
VX,PSP,19.666666666666668
VX,RDU,0.0
VX,SAN,22.4
VX,SEA,-4.666666666666667
VX,SFO,8.180327868852459
WN,ABQ,19.78125
WN,ALB,20.5
WN,AMA,64.0
WN,ATL,35.857142857142854
WN,AUS,15.34375
WN,BDL,19.526315789473685
WN,BHM,8.333333333333334
WN,BNA,33.766666666666666
WN,BOI,7.636363636363637
WN,BOS,39.88235294117647
WN,BUF,8.705882352941176
WN,BUR,18.196428571428573
WN,BWI,18.39622641509434
WN,CHS,5.857142857142857
WN,CLE,19.736842105263158
WN,CLT,-0.125
WN,CMH,23.294117647058822
WN,CRP,8.0
WN,CVG,10.875
WN,DAL,26.54494382022472
WN,DCA,20.238095238095237
WN,DEN,21.291666666666668
WN,DSM,38.333333333333336
WN,DTW,13.666666666666666
WN,ECP,10.333333333333334
WN,ELP,13.05
WN,EWR,21.85
WN,FLL,28.074626865671643
WN,FNT,11.666666666666666
WN,GEG,0.9
WN,GRR,15.2
WN,GSP,-3.3333333333333335
WN,HOU,16.854166666666668
WN,HRL,4.5
WN,IAD,74.0
WN,ICT,37.0
WN,IND,11.212121212121213
WN,ISP,53.15384615384615
WN,JAX,12.416666666666666
WN,LAS,18.029850746268657
WN,LAX,17.952
WN,LBB,6.142857142857143
WN,LGA,64.25806451612904
WN,LGB,22.142857142857142
WN,LIT,15.285714285714286
WN,MAF,9.777777777777779
WN,MCI,19.27536231884058
WN,MCO,20.52212389380531
WN,MDW,34.672489082969435
WN,MEM,20.333333333333332
WN,MHT,28.071428571428573
WN,MKE,19.666666666666668
WN,MSP,15.173913043478262
WN,MSY,27.763636363636362
WN,OAK,18.051724137931036
WN,OKC,18.842105263157894
WN,OMA,19.27777777777778
WN,ONT,17.166666666666668
WN,ORF,18.285714285714285
WN,PBI,19.5
WN,PDX,13.825
WN,PHL,6.423076923076923
WN,PHX,18.547619047619047
WN,PIT,15.214285714285714
WN,PNS,5.333333333333333
WN,PVD,17.3
WN,PWM,8.333333333333334
WN,RDU,13.379310344827585
WN,RIC,6.333333333333333
WN,RNO,13.380952380952381
WN,ROC,10.4
WN,RSW,10.736842105263158
WN,SAN,49.06741573033708
WN,SAT,22.863636363636363
WN,SDF,-0.09090909090909091
WN,SEA,22.75
WN,SFO,25.568627450980394
WN,SJC,23.64
WN,SJU,6.5
WN,SLC,20.4375
WN,SMF,23.675
WN,SNA,27.807692307692307
WN,STL,29.71698113207547
WN,TPA,26.17948717948718
WN,TUL,13.0
WN,TUS,25.363636363636363
YV,ABQ,-0.1111111111111111
YV,AMA,
YV,ATL,-1.6666666666666667
YV,AUS,-2.3333333333333335
YV,BDL,17.5
YV,BFL,-4.0
YV,BHM,
YV,BIS,82.0
YV,BMI,16.0
YV,BNA,4.5
YV,BOI,28.0
YV,BOS,6.0
YV,BRO,-5.5
YV,BTR,36.0
YV,BTV,37.0
YV,BUF,-5.0
YV,BUR,31.0
YV,BZN,
YV,CAE,2.0
YV,CHA,137.0
YV,CHS,30.0
YV,CLE,-2.2
YV,CLT,-4.8
YV,CMH,14.333333333333334
YV,CRP,55.5
YV,CVG,-6.4
YV,DCA,-1.0
YV,DFW,37.01234567901235
YV,DRO,1.4
YV,DSM,139.0
YV,DTW,-0.6666666666666666
YV,ELP,17.25
YV,EVV,5.666666666666667
YV,FAT,44.0
YV,FSD,
YV,FWA,4.0
YV,GPT,-3.0
YV,GRI,9.0
YV,GRK,
YV,GSO,217.0
YV,HOU,12.6
YV,HRL,-1.5
YV,HSV,-5.5
YV,IAD,78.08695652173913
YV,IAH,18.276923076923076
YV,ICT,-12.0
YV,ILM,-5.0
YV,IND,5.0
YV,JAN,51.0
YV,JAX,-4.0
YV,LBB,
YV,LFT,-0.5
YV,LGA,7.0
YV,LGB,-6.0
YV,LIT,0.5
YV,MAF,54.0
YV,MCI,5.857142857142857
YV,MEM,14.428571428571429
YV,MFE,20.75
YV,MGM,-2.0
YV,MLI,120.0
YV,MOB,-2.0
YV,MRY,-5.333333333333333
YV,MSP,19.5
YV,MSY,4.666666666666667
YV,MTJ,-3.0
YV,OKC,10.333333333333334
YV,OMA,15.25
YV,ONT,7.0
YV,ORF,-8.0
YV,PHL,28.0
YV,PHX,9.88888888888889
YV,PIA,16.5
YV,PIT,-1.8
YV,PNS,-3.5
YV,PSP,-1.0
YV,PVD,-6.0
YV,RAP,31.0
YV,RDU,-0.25
YV,RIC,-5.0
YV,RNO,-13.0
YV,ROC,3.3333333333333335
YV,ROW,
YV,SAT,126.0
YV,SAV,-4.0
YV,SBA,-10.5
YV,SBP,-8.0
YV,SDF,58.5
YV,STL,-6.0
YV,TUL,-2.0
YV,TUS,-4.0
YV,TYS,19.5
YV,VPS,-5.0
YX,ABQ,-12.0
YX,ALB,2.6666666666666665
YX,ATL,3.857142857142857
YX,AUS,183.66666666666666
YX,BDL,2.111111111111111
YX,BGR,-3.0
YX,BNA,19.363636363636363
YX,BOI,354.0
YX,BOS,2.1666666666666665
YX,BTV,-8.0
YX,BUF,10.75
YX,BWI,-1.25
YX,BZN,0.0
YX,CHS,-0.6666666666666666
YX,CLE,24.333333333333332
YX,CLT,12.210526315789474
YX,CMH,3.5416666666666665
YX,COS,8.5
YX,CVG,19.714285714285715
YX,DCA,7.0
YX,DEN,25.0
YX,DFW,-5.818181818181818
YX,DTW,12.724137931034482
YX,EWR,11.816666666666666
YX,EYW,-1.8333333333333333
YX,GRR,-3.0
YX,IAD,5.0
YX,IAH,5.777777777777778
YX,ICT,-15.0
YX,ILM,-7.0
YX,IND,2.0357142857142856
YX,JAX,8.285714285714286
YX,JFK,19.0
YX,LGA,21.74468085106383
YX,MCI,59.3
YX,MEM,6.857142857142857
YX,MHT,-1.5
YX,MIA,-0.2619047619047619
YX,MKE,107.33333333333333
YX,MSP,6.2631578947368425
YX,MSY,33.0
YX,MYR,-6.0
YX,OKC,-5.666666666666667
YX,OMA,-6.0
YX,ORD,14.27450980392157
YX,ORF,11.777777777777779
YX,PBI,6.0
YX,PHF,-3.0
YX,PHL,15.678571428571429
YX,PIT,-0.7142857142857143
YX,PNS,-4.0
YX,PVD,5.0
YX,PWM,-1.0
YX,RAP,-2.0
YX,RDU,18.5
YX,RIC,31.0
YX,ROC,-0.3333333333333333
YX,RSW,17.5
YX,SAT,-3.0
YX,SAV,1.0
YX,SDF,24.636363636363637
YX,SLC,-7.0
YX,STL,19.2
YX,SYR,12.2
YX,XNA,98.0
